,movies,leftover,scrapped
0,#horror,,#horror
1,10 cloverfield lane,,10 cloverfield lane
2,10 days in a madhouse,,10 days in a madhouse
3,12 strong,,12 strong
4,12 years a slave,,12 years a slave
5,13 hours: the secret soldiers of benghazi,13 hours: the secret soldiers of benghazi,
6,13 sins,,13 sins
7,1917,,1917
8,1982,,1982
9,2 guns,,2 guns
10,20 feet from stardom,,20 feet from stardom
11,20th century women,,20th century women
12,21 bridges,,21 bridges
13,22 jump street,,22 jump street
14,23 blast,,23 blast
15,3 days to kill,,3 days to kill
16,3 from hell,,3 from hell
17,30 nights of paranormal activity with the devil inside the girl with the dragon tattoo,,30 nights of paranormal activity with the devil inside the girl with the dragon tattoo
18,300: rise of an empire,,300: rise of an empire
19,31,31,
20,40 weeks,,40 weeks
21,42,,42
22,47 meters down,,47 meters down
23,47 meters down: uncaged,47 meters down: uncaged,
24,47 ronin,,47 ronin
25,50 to 1,,50 to 1
26,6 underground,,6 underground
27,65,,65
28,7500,7500,
29,8 days,,8 days
30,8 days to hell,,8 days to hell
31,80 for brady,,80 for brady
32,90 minutes in heaven,,90 minutes in heaven
33,a bad moms christmas,,a bad moms christmas
34,a beautiful day in the neighborhood,,a beautiful day in the neighborhood
35,a day to die,a day to die,
36,a dog's journey,a dog's journey,
37,a dog's purpose,a dog's purpose,
38,a dog's way home,,a dog's way home
39,a fine step,,a fine step
40,a ghost story,,a ghost story
41,a good day to die hard,,a good day to die hard
42,a haunted house,,a haunted house
43,a haunted house 2,,a haunted house 2
44,a haunting in connecticut 2: the ghosts of georgia,a haunting in connecticut 2: the ghosts of georgia,
45,a hologram for the king,,a hologram for the king
46,a journal for jordan,,a journal for jordan
47,a man called otto,a man called otto,
48,a million ways to die in the west,,a million ways to die in the west
49,a monster calls,,a monster calls
50,a most violent year,,a most violent year
51,a most wanted man,,a most wanted man
52,a mouthful of air,a mouthful of air,
53,a plague so pleasant,,a plague so pleasant
54,a quiet place,,a quiet place
55,a quiet place part ii,,a quiet place part ii
56,a simple favor,a simple favor,
57,a star is born,a star is born,
58,a street cat named bob,,a street cat named bob
59,a true story,,a true story
60,a walk among the tombstones,,a walk among the tombstones
61,a walk in the woods,,a walk in the woods
62,a wrinkle in time,,a wrinkle in time
63,a.c.o.r.n.s.: operation crackdown,,a.c.o.r.n.s.: operation crackdown
64,abacus: small enough to jail,,abacus: small enough to jail
65,abcd (any body can dance),,abcd (any body can dance)
66,abominable,,abominable
67,about last night,,about last night
68,above and beyond,,above and beyond
69,absentia,,absentia
70,accidental love,,accidental love
71,acrimony,,acrimony
72,action point,,action point
73,ad astra,,ad astra
74,addicted,,addicted
75,admission,,admission
76,adopte un veuf,adopte un veuf,
77,adrift,,adrift
78,adulterers,,adulterers
79,after,,after
80,after earth,,after earth
81,against the wild,,against the wild
82,ain't them bodies saints,,ain't them bodies saints
83,air strike,,air strike
84,airlift (2016),airlift (2016),
85,aladdin,,aladdin
86,"alexander and the terrible, horrible, no good, very bad day",,"alexander and the terrible, horrible, no good, very bad day"
87,alice through the looking glass,,alice through the looking glass
88,alien psychosis,,alien psychosis
89,alien uprising,,alien uprising
90,alien: covenant,,alien: covenant
91,alita: battle angel,,alita: battle angel
92,all eyez on me,,all eyez on me
93,all is lost,,all is lost
94,all my life,,all my life
95,all saints,,all saints
96,all superheroes must die,,all superheroes must die
97,all the boys love mandy lane,,all the boys love mandy lane
98,all the money in the world,all the money in the world,
99,all you need is love,,all you need is love
100,alleluia! the devil's carnival,,alleluia! the devil's carnival
101,allied,allied,
102,almost christmas,,almost christmas
103,aloft,,aloft
104,aloha,,aloha
105,along the roadside,,along the roadside
106,alpha,,alpha
107,alpha & omega: the legend of the saw tooth cave,alpha & omega: the legend of the saw tooth cave,
108,alvin and the chipmunks: the road chip,,alvin and the chipmunks: the road chip
109,always woodstock,,always woodstock
110,american assassin,,american assassin
111,american heist,,american heist
112,american hero,,american hero
113,american honey,,american honey
114,american hustle,,american hustle
115,american made,american made,
116,american sniper,,american sniper
117,american ultra,,american ultra
118,amidst the devil's wings,,amidst the devil's wings
119,amina,,amina
120,amnesiac,,amnesiac
121,amsterdam,,amsterdam
122,an american in hollywood,,an american in hollywood
123,an inconvenient sequel: truth to power,,an inconvenient sequel: truth to power
124,anchorman 2: the legend continues,,anchorman 2: the legend continues
125,and so it goes,,and so it goes
126,angel has fallen,,angel has fallen
127,anna,,anna
128,annaatthe,,annaatthe
129,annabelle,,annabelle
130,annabelle comes home,,annabelle comes home
131,annabelle: creation,,annabelle: creation
132,annette,annette,
133,annie,,annie
134,annihilation,,annihilation
135,anomalisa,anomalisa,
136,another day of life,another day of life,
137,ant-man,,ant-man
138,ant-man and the wasp,ant-man and the wasp,
139,ant-man and the wasp: quantumania,,ant-man and the wasp: quantumania
140,antarctic edge: 70° south,,antarctic edge: 70° south
141,antarctica: a year on ice,,antarctica: a year on ice
142,antibirth,,antibirth
143,antiviral,,antiviral
144,anyone but you,,anyone but you
145,aquaman,aquaman,
146,aquaman and the lost kingdom,,aquaman and the lost kingdom
147,archaeology of a woman,,archaeology of a woman
148,arctic dogs,,arctic dogs
149,"are you there god? it's me, margaret.",,"are you there god? it's me, margaret."
150,area 51,,area 51
151,argylle,,argylle
152,armageddon time,armageddon time,
153,army of the dead,,army of the dead
154,aroused,,aroused
155,arrival,arrival,
156,arrowhead,arrowhead,
157,artemis fowl,,artemis fowl
158,arthur and the war of two worlds,arthur and the war of two worlds,
159,"as above, so below",,"as above, so below"
160,as it is in heaven,,as it is in heaven
161,ask me anything,,ask me anything
162,assassin's creed,,assassin's creed
163,assassination nation,,assassination nation
164,atlas shrugged: who is john galt?,,atlas shrugged: who is john galt?
165,atomic blonde,,atomic blonde
166,august: osage county,,august: osage county
167,autómata,,autómata
168,avatar: the way of water,avatar: the way of water,
169,avengers: age of ultron,,avengers: age of ultron
170,avengers: endgame,,avengers: endgame
171,avengers: infinity war,,avengers: infinity war
172,awol-72,,awol-72
173,axl rose: the prettiest star,,axl rose: the prettiest star
174,baahubali 2: the conclusion,,baahubali 2: the conclusion
175,baahubali: the beginning,,baahubali: the beginning
176,baby driver,,baby driver
177,babylon,,babylon
178,babysitting,,babysitting
179,backstabbing for beginners,,backstabbing for beginners
180,bad boys for life,bad boys for life,
181,bad moms,,bad moms
182,bad santa 2,,bad santa 2
183,bad times at the el royale,,bad times at the el royale
184,bad words,,bad words
185,baekdusan,baekdusan,
186,baggage claim,,baggage claim
187,bajrangi bhaijaan,,bajrangi bhaijaan
188,ballerina,,ballerina
189,banshee chapter,,banshee chapter
190,barbarian,,barbarian
191,barbecue,,barbecue
192,barbershop: the next cut,barbershop: the next cut,
193,barbie,,barbie
194,barely lethal,,barely lethal
195,batman v superman: dawn of justice,,batman v superman: dawn of justice
196,"batman: the dark knight returns, part 2",,"batman: the dark knight returns, part 2"
197,battle of the sexes,,battle of the sexes
198,battle of the year,,battle of the year
199,baywatch,,baywatch
200,beast,,beast
201,beasts of no nation,,beasts of no nation
202,beau is afraid,,beau is afraid
203,beautiful boy,beautiful boy,
204,beautiful creatures,,beautiful creatures
205,beauty and the beast,,beauty and the beast
206,before i fall,,before i fall
207,before i go to sleep,,before i go to sleep
208,before midnight,,before midnight
209,before we go,,before we go
210,begin again,,begin again
211,beginner's guide to sex,,beginner's guide to sex
212,being charlie,,being charlie
213,believe,,believe
214,belle et sébastien,,belle et sébastien
215,ben is back,,ben is back
216,ben-hur,,ben-hur
217,bending steel,,bending steel
218,beneath hill 60,,beneath hill 60
219,benji,,benji
220,bereurlin,bereurlin,
221,berlin syndrome,,berlin syndrome
222,best of enemies,,best of enemies
223,beyond skyline,,beyond skyline
224,beyond the brick: a lego brickumentary,beyond the brick: a lego brickumentary,
225,beyond the lights,,beyond the lights
226,beyond the mask,,beyond the mask
227,big eyes,,big eyes
228,big george foreman: the miraculous story of the,big george foreman: the miraculous story of the,
229,big hero 6,,big hero 6
230,bilal: a new breed of hero,,bilal: a new breed of hero
231,bill & ted face the music,,bill & ted face the music
232,billy lynn's long halftime walk,,billy lynn's long halftime walk
233,bird box,bird box,
234,birdman or (the unexpected virtue of ignorance),,birdman or (the unexpected virtue of ignorance)
235,birds of prey (and the fantabulous emancipation,birds of prey (and the fantabulous emancipation,
236,birth of the dragon,,birth of the dragon
237,bitter harvest,,bitter harvest
238,black adam,,black adam
239,black and blue,black and blue,
240,black christmas,,black christmas
241,black mass,,black mass
242,black nativity,,black nativity
243,black november,,black november
244,black or white,,black or white
245,black panther,,black panther
246,black panther: wakanda forever,,black panther: wakanda forever
247,black rock,,black rock
248,black widow,,black widow
249,blackhat,,blackhat
250,blackkklansman,,blackkklansman
251,blacklight,,blacklight
252,blade runner 2049,,blade runner 2049
253,blair witch,,blair witch
254,bleed for this,,bleed for this
255,bleeding hearts,,bleeding hearts
256,blended,,blended
257,blinded by the light,,blinded by the light
258,blockers,,blockers
259,blood feast,,blood feast
260,blood quantum,,blood quantum
261,blood ties,,blood ties
262,bloodshot,,bloodshot
263,blue beetle,,blue beetle
264,blue jasmine,,blue jasmine
265,blue ruin,,blue ruin
266,bodom,,bodom
267,bohemian rhapsody,,bohemian rhapsody
268,bombshell,,bombshell
269,bone tomahawk,,bone tomahawk
270,book club,,book club
271,booksmart,,booksmart
272,borg vs. mcenroe,,borg vs. mcenroe
273,born of war,,born of war
274,born to fly: elizabeth streb vs. gravity,,born to fly: elizabeth streb vs. gravity
275,boy erased,,boy erased
276,boyhood,,boyhood
277,brahms: the boy ii,,brahms: the boy ii
278,braid,,braid
279,brawl in cell block 99,,brawl in cell block 99
280,breaking in,,breaking in
281,breakthrough,,breakthrough
282,brian banks,brian banks,
283,brick mansions,,brick mansions
284,bridge of spies,,bridge of spies
285,bridget jones's baby,,bridget jones's baby
286,bright,,bright
287,brightburn,,brightburn
288,broken city,,broken city
289,broken horses,,broken horses
290,brooklyn,,brooklyn
291,brooklyn bizarre,brooklyn bizarre,
292,brotherly love,,brotherly love
293,brothers,,brothers
294,bullet to the head,,bullet to the head
295,bullet train,,bullet train
296,bumblebee,bumblebee,
297,burn burn burn,,burn burn burn
298,burn your maps,,burn your maps
299,burnt,,burnt
300,butterfly girl,,butterfly girl
301,by the sea,,by the sea
302,c'mon c'mon,,c'mon c'mon
303,cabrini,,cabrini
304,cafarnaúm,cafarnaúm,
305,café society,café society,
306,call me by your name,,call me by your name
307,cam,,cam
308,camp x-ray,,camp x-ray
309,can you ever forgive me?,,can you ever forgive me?
310,captain america: civil war,,captain america: civil war
311,captain america: the winter soldier,,captain america: the winter soldier
312,captain fantastic,captain fantastic,
313,captain marvel,,captain marvel
314,captain phillips,,captain phillips
315,captain underpants: the first epic movie,,captain underpants: the first epic movie
316,captive,,captive
317,captive state,captive state,
318,carol,,carol
319,carrie,,carrie
320,cars 3,,cars 3
321,cats,,cats
322,central intelligence,,central intelligence
323,chain of command,,chain of command
324,chaos walking,chaos walking,
325,chappie,,chappie
326,charlie's angels,,charlie's angels
327,cheap thrills,,cheap thrills
328,checkmate,,checkmate
329,chemical cut,,chemical cut
330,chempion mira,,chempion mira
331,cherry,,cherry
332,chi-raq,,chi-raq
333,chiamatemi francesco - il papa della gente,,chiamatemi francesco - il papa della gente
334,child 44,,child 44
335,childless,,childless
336,chips,,chips
337,"christian mingle, the movie","christian mingle, the movie",
338,christopher robin,,christopher robin
339,churchill,churchill,
340,chāi dàn zhuānjiā,chāi dàn zhuānjiā,
341,"cinco de mayo, la batalla",,"cinco de mayo, la batalla"
342,cinderella,,cinderella
343,civil war,,civil war
344,clifford the big red dog,,clifford the big red dog
345,close range,,close range
346,closer to the moon,,closer to the moon
347,closet monster,,closet monster
348,closure,,closure
349,cloudy with a chance of meatballs 2,,cloudy with a chance of meatballs 2
350,coco,coco,
351,coda,,coda
352,code of honor,,code of honor
353,coffee town,,coffee town
354,cold pursuit,,cold pursuit
355,collateral beauty,,collateral beauty
356,collide,,collide
357,columbus,,columbus
358,come play,,come play
359,coming 2 america,,coming 2 america
360,compadres,,compadres
361,con gái bo già,,con gái bo già
362,concussion,concussion,
363,cop car,,cop car
364,copenhagen,,copenhagen
365,corpus christi,,corpus christi
366,countdown,,countdown
367,counting,,counting
368,crawl,crawl,
369,crazy rich asians,,crazy rich asians
370,creative control,,creative control
371,creed,creed,
372,creed ii,,creed ii
373,creed iii,,creed iii
374,criminal,,criminal
375,criminal activities,,criminal activities
376,crimson peak,,crimson peak
377,crossroads,,crossroads
378,crown vic,,crown vic
379,cut throat city,cut throat city,
380,cìkè niè yinniáng,cìkè niè yinniáng,
381,da sweet blood of jesus,,da sweet blood of jesus
382,daddy's home,,daddy's home
383,daddy's home 2,,daddy's home 2
384,daisy winters,,daisy winters
385,dallas buyers club,,dallas buyers club
386,dancin': it's on!,,dancin': it's on!
387,dangal,,dangal
388,danny collins,,danny collins
389,dark phoenix,,dark phoenix
390,dark places,,dark places
391,dark skies,,dark skies
392,darkest hour,darkest hour,
393,dawn of the crescent moon,,dawn of the crescent moon
394,dawn of the planet of the apes,,dawn of the planet of the apes
395,dawn patrol,,dawn patrol
396,dc toybox adventures: dc league of super pets,,dc toybox adventures: dc league of super pets
397,dead in a week or your money back,,dead in a week or your money back
398,dead man down,,dead man down
399,deadpool,,deadpool
400,deadpool 2,,deadpool 2
401,dear white people,,dear white people
402,death note,,death note
403,death on the nile,,death on the nile
404,death wish,,death wish
405,deathgasm,,deathgasm
406,deceptive practice: the mysteries and mentors of ricky jay,,deceptive practice: the mysteries and mentors of ricky jay
407,deepwater horizon,,deepwater horizon
408,deliver us from evil,,deliver us from evil
409,delivery man,,delivery man
410,demon slayer: kimetsu no yaiba - the movie: mugen train,,demon slayer: kimetsu no yaiba - the movie: mugen train
411,demonic,,demonic
412,den of thieves,,den of thieves
413,denial,,denial
414,departure,departure,
415,des nouvelles de la planète mars,des nouvelles de la planète mars,
416,desert dancer,,desert dancer
417,despicable me 2,,despicable me 2
418,despicable me 3,despicable me 3,
419,destiny,,destiny
420,destroyer,,destroyer
421,detention of the dead,,detention of the dead
422,detroit,detroit,
423,deux,,deux
424,devara part 1,,devara part 1
425,devil's due,,devil's due
426,dheepan,,dheepan
427,dhoom 3,,dhoom 3
428,diary of a wimpy kid: the long haul,,diary of a wimpy kid: the long haul
429,dirty grandpa,,dirty grandpa
430,disney planes,disney planes,
431,divergent,,divergent
432,do you believe?,,do you believe?
433,doc holliday's revenge,,doc holliday's revenge
434,doctor sleep,,doctor sleep
435,doctor strange,,doctor strange
436,doctor strange in the multiverse of madness,,doctor strange in the multiverse of madness
437,dofus - livre 1: julith,dofus - livre 1: julith,
438,dog,,dog
439,dog days,,dog days
440,doktor dinozavrov (доктор динозавров),doktor dinozavrov (доктор динозавров),
441,dolittle,,dolittle
442,dolor y gloria,dolor y gloria,
443,dolphin tale 2,,dolphin tale 2
444,dom hemingway,,dom hemingway
445,"don gato, el inicio de la pandilla","don gato, el inicio de la pandilla",
446,don jon,,don jon
447,don't breathe,,don't breathe
448,don't breathe 2,,don't breathe 2
449,don't let go,don't let go,
450,don't look up,don't look up,
451,don't think twice,,don't think twice
452,"don't worry, he won't get far on foot",,"don't worry, he won't get far on foot"
453,donkeyhead,,donkeyhead
454,dope,,dope
455,dora and the lost city of gold,dora and the lost city of gold,
456,down a dark hall,,down a dark hall
457,down and dangerous,,down and dangerous
458,downsizing,,downsizing
459,dr. seuss' the grinch,dr. seuss' the grinch,
460,dracula untold,,dracula untold
461,draft day,,draft day
462,dragon ball super: broly,dragon ball super: broly,
463,dragon nest: warriors' dawn,,dragon nest: warriors' dawn
464,drinking buddies,,drinking buddies
465,drive hard,,drive hard
466,druk,,druk
467,drunk wedding,,drunk wedding
468,dumb and dumber to,,dumb and dumber to
469,dumb money,,dumb money
470,dumbo,,dumbo
471,dumplin',,dumplin'
472,dune,,dune
473,dune: part two,,dune: part two
474,dungeons & dragons: honor among thieves,,dungeons & dragons: honor among thieves
475,dunk or die,dunk or die,
476,dunkirk,,dunkirk
477,dutch kills,dutch kills,
478,dvizhenie vverkh,dvizhenie vverkh,
479,dwegons and leprechauns,,dwegons and leprechauns
480,dying of the light,,dying of the light
481,early man,,early man
482,earth to echo,,earth to echo
483,echo boomers,,echo boomers
484,echo dr.,,echo dr.
485,eddie the eagle,eddie the eagle,
486,eddie: the sleepwalking cannibal,,eddie: the sleepwalking cannibal
487,eden,,eden
488,edge of tomorrow,,edge of tomorrow
489,eighth grade,,eighth grade
490,"el abrazo de la serpiente, una historia para el mundo",,"el abrazo de la serpiente, una historia para el mundo"
491,el chicano,,el chicano
492,el clan,,el clan
493,el cuaderno de sara,el cuaderno de sara,
494,el principe,el principe,
495,elemental,elemental,
496,eli,,eli
497,elle,,elle
498,elsa & fred,,elsa & fred
499,elvis,elvis,
500,elysium,,elysium
501,emancipation,emancipation,
502,embrace,embrace,
503,emily,,emily
504,emma.,,emma.
505,encanto,encanto,
506,ender's game,,ender's game
507,endless love,,endless love
508,enough said,,enough said
509,enter the dangerous mind,,enter the dangerous mind
510,entourage,,entourage
511,epic,,epic
512,escape from planet earth,,escape from planet earth
513,escape from tomorrow,,escape from tomorrow
514,escape plan,,escape plan
515,escape room,,escape room
516,escape room: tournament of champions,,escape room: tournament of champions
517,escobar: paradise lost,,escobar: paradise lost
518,estiu 1993,estiu 1993,
519,eternals,,eternals
520,ethel & ernest,ethel & ernest,
521,everest,,everest
522,every day,,every day
523,everybody wants some,everybody wants some,
524,everything everywhere all at once,everything everywhere all at once,
525,"everything, everything",,"everything, everything"
526,evil dead,,evil dead
527,ex machina,,ex machina
528,exeter,,exeter
529,exodus: gods and kings,,exodus: gods and kings
530,expend4bles,,expend4bles
531,extinction,,extinction
532,extraction,,extraction
533,eye in the sky,,eye in the sky
534,f9: the fast saga,f9: the fast saga,
535,fahrenheit 11/9,,fahrenheit 11/9
536,faith connections,,faith connections
537,falcon rising,,falcon rising
538,family mission: the tj lobraico story,,family mission: the tj lobraico story
539,family motocross,,family motocross
540,fantastic beasts and where to find them,,fantastic beasts and where to find them
541,fantastic beasts: the crimes of grindelwald,fantastic beasts: the crimes of grindelwald,
542,fantastic beasts: the secrets of dumbledore,,fantastic beasts: the secrets of dumbledore
543,fantasy island,,fantasy island
544,far from the madding crowd,,far from the madding crowd
545,fast & furious presents: hobbs & shaw,,fast & furious presents: hobbs & shaw
546,fast and furious 6,fast and furious 6,
547,fast x,fast x,
548,father figures,,father figures
549,father stu,,father stu
550,fear clinic,,fear clinic
551,feichang xingyun,feichang xingyun,
552,fences,,fences
553,ferdinand,,ferdinand
554,ferrari,,ferrari
555,fifty shades darker,,fifty shades darker
556,fifty shades freed,,fifty shades freed
557,fifty shades of black,fifty shades of black,
558,fifty shades of grey,,fifty shades of grey
559,fight to the finish,,fight to the finish
560,fight valley,,fight valley
561,fighting with my family,,fighting with my family
562,filly brown,,filly brown
563,finding dory,finding dory,
564,finding your feet,,finding your feet
565,fire song,fire song,
566,firestarter,firestarter,
567,first man,,first man
568,first reformed,,first reformed
569,fist fight,,fist fight
570,five feet apart,,five feet apart
571,five nights at freddy's,,five nights at freddy's
572,flatliners,,flatliners
573,flee,,flee
574,florence foster jenkins,florence foster jenkins,
575,flower,,flower
576,focus,,focus
577,food chains,,food chains
578,ford v. ferrari,ford v. ferrari,
579,forever my girl,forever my girl,
580,forsaken,forsaken,
581,fort mccoy,,fort mccoy
582,foxcatcher,,foxcatcher
583,frances ha,,frances ha
584,freaks of nature,,freaks of nature
585,freaky,,freaky
586,free birds,,free birds
587,free fire,,free fire
588,free state of jones,,free state of jones
589,freedom,,freedom
590,freeheld,,freeheld
591,friend request,friend request,
592,frontera,,frontera
593,frozen,,frozen
594,frozen ii,,frozen ii
595,fruitvale station,,fruitvale station
596,fugly!,,fugly!
597,furious 7,,furious 7
598,fury,,fury
599,g.i. joe: retaliation,,g.i. joe: retaliation
600,game night,,game night
601,gangster squad,,gangster squad
602,gatwick gangsters,,gatwick gangsters
603,gemini man,,gemini man
604,genius,,genius
605,geograf globus propil,geograf globus propil,
606,geostorm,,geostorm
607,geroy,,geroy
608,get hard,,get hard
609,get on up,,get on up
610,get out,get out,
611,getaway,,getaway
612,ghost in the shell,,ghost in the shell
613,ghostbusters,ghostbusters,
614,ghostbusters: afterlife,,ghostbusters: afterlife
615,ghostbusters: frozen empire,,ghostbusters: frozen empire
616,gifted,,gifted
617,girl,girl,
618,girlhouse,girlhouse,
619,girls trip,,girls trip
620,give me shelter,,give me shelter
621,glass,,glass
622,god's not dead,,god's not dead
623,god's not dead 2,,god's not dead 2
624,gods of egypt,,gods of egypt
625,godzilla,,godzilla
626,godzilla minus one,,godzilla minus one
627,godzilla vs. kong,,godzilla vs. kong
628,godzilla x kong: the new empire,godzilla x kong: the new empire,
629,godzilla: king of the monsters,,godzilla: king of the monsters
630,going in style,,going in style
631,gone girl,,gone girl
632,good boys,good boys,
633,goosebumps,,goosebumps
634,goosebumps 2: haunted halloween,goosebumps 2: haunted halloween,
635,gotti,,gotti
636,grace of monaco,,grace of monaco
637,grace unplugged,,grace unplugged
638,grand isle,,grand isle
639,gravity,,gravity
640,greater,,greater
641,green book,,green book
642,green room,green room,
643,green street hooligans: underground,green street hooligans: underground,
644,greenland,,greenland
645,gretel & hansel,,gretel & hansel
646,greyhound,,greyhound
647,grizzly,,grizzly
648,growing up smith,,growing up smith
649,grown ups 2,,grown ups 2
650,grudge match,,grudge match
651,guardians of the galaxy,,guardians of the galaxy
652,guardians of the galaxy vol. 2,,guardians of the galaxy vol. 2
653,guardians of the galaxy vol. 3,,guardians of the galaxy vol. 3
654,guillermo del toro's pinocchio,guillermo del toro's pinocchio,
655,"guten tag, ramon","guten tag, ramon",
656,hacksaw ridge,,hacksaw ridge
657,"hail, caesar!",,"hail, caesar!"
658,halloween,,halloween
659,halloween ends,,halloween ends
660,halloween kills,,halloween kills
661,hamsterit,,hamsterit
662,hands of stone,,hands of stone
663,hansel & gretel get baked,,hansel & gretel get baked
664,hansel & gretel: witch hunters,,hansel & gretel: witch hunters
665,hanu man,,hanu man
666,happy christmas,,happy christmas
667,happy death day,,happy death day
668,happy death day 2u,,happy death day 2u
669,happy family,,happy family
670,hardcore henry,hardcore henry,
671,harriet,,harriet
672,haunted mansion,,haunted mansion
673,hearts beat loud,,hearts beat loud
674,heaven and hell,,heaven and hell
675,heaven is for real,,heaven is for real
676,heist,,heist
677,heli,,heli
678,hell fest,hell fest,
679,hell or high water,,hell or high water
680,hellboy,,hellboy
681,"hello, my name is doris",,"hello, my name is doris"
682,henry & me,,henry & me
683,her,,her
684,her cry: la llorona investigation,,her cry: la llorona investigation
685,her smell,,her smell
686,hercules,,hercules
687,hereditary,hereditary,
688,heroes of dirt,,heroes of dirt
689,hevi reissu,hevi reissu,
690,hidden away,,hidden away
691,hidden figures,,hidden figures
692,high flying bird,,high flying bird
693,higher power,,higher power
694,hillary's america: the secret history of the de,hillary's america: the secret history of the de,
695,hillbilly elegy,,hillbilly elegy
696,hillsong: let hope rise,hillsong: let hope rise,
697,his only son,,his only son
698,hitman: agent 47,,hitman: agent 47
699,hits,,hits
700,hocus pocus 2,,hocus pocus 2
701,holmes & watson,,holmes & watson
702,home,,home
703,home again,,home again
704,home run,,home run
705,homefront,,homefront
706,honest thief,,honest thief
707,honey boy,honey boy,
708,horrible bosses 2,,horrible bosses 2
709,host,host,
710,hostiles,,hostiles
711,hot pursuit,,hot pursuit
712,hot tub time machine 2,,hot tub time machine 2
713,hotel artemis,,hotel artemis
714,hotel mumbai,,hotel mumbai
715,hotel transylvania 2,,hotel transylvania 2
716,hotel transylvania 3: summer vacation,,hotel transylvania 3: summer vacation
717,house of gucci,,house of gucci
718,housebound,,housebound
719,how it ends,how it ends,
720,how to be a latin lover,how to be a latin lover,
721,how to be single,,how to be single
722,how to train your dragon 2,,how to train your dragon 2
723,how to train your dragon: the hidden world,,how to train your dragon: the hidden world
724,hross i oss,hross i oss,
725,hunt for the wilderpeople,hunt for the wilderpeople,
726,hunter killer,hunter killer,
727,hush,hush,
728,hustlers,,hustlers
729,"hvítur, hvítur dagur","hvítur, hvítur dagur",
730,i am not your negro,i am not your negro,
731,i am wrath,,i am wrath
732,i can only imagine,i can only imagine,
733,i feel pretty,,i feel pretty
734,i heard the bells,,i heard the bells
735,i origins,,i origins
736,i smile back,,i smile back
737,i still believe,,i still believe
738,i'm in love with a church girl,,i'm in love with a church girl
739,i'm not ashamed,i'm not ashamed,
740,"i, frankenstein",,"i, frankenstein"
741,"i, tonya",,"i, tonya"
742,ice age: collision course,,ice age: collision course
743,ida,,ida
744,identity thief,,identity thief
745,if beale street could talk,if beale street could talk,
746,if i stay,,if i stay
747,imaginary,,imaginary
748,impractical jokers: the movie,,impractical jokers: the movie
749,in dubious battle,,in dubious battle
750,in the heart of the sea,in the heart of the sea,
751,in the heights,,in the heights
752,in the name of the king iii,in the name of the king iii,
753,incarnate,,incarnate
754,incredibles 2,,incredibles 2
755,independence day: resurgence,independence day: resurgence,
756,indiana jones and the dial of destiny,indiana jones and the dial of destiny,
757,indivisible,,indivisible
758,inescapable,,inescapable
759,inferno,,inferno
760,inherent vice,,inherent vice
761,inside llewyn davis,,inside llewyn davis
762,inside out,,inside out
763,insidious: chapter 2,,insidious: chapter 2
764,insidious: chapter 3,,insidious: chapter 3
765,insidious: the last key,insidious: the last key,
766,insidious: the red door,insidious: the red door,
767,instant family,,instant family
768,interstellar,,interstellar
769,into the storm,,into the storm
770,into the woods,,into the woods
771,intruders,,intruders
772,iron man 3,,iron man 3
773,irreplaceable,,irreplaceable
774,irreplaceable you,irreplaceable you,
775,isn't it romantic,,isn't it romantic
776,it,it,
777,it chapter two,,it chapter two
778,it comes at night,it comes at night,
779,it follows,,it follows
780,j'ai perdu mon corps,j'ai perdu mon corps,
781,jack reacher: never go back,,jack reacher: never go back
782,jack ryan: shadow recruit,,jack ryan: shadow recruit
783,jack the giant slayer,,jack the giant slayer
784,jackass forever,jackass forever,
785,jackass presents: bad grandpa,,jackass presents: bad grandpa
786,jackie,jackie,
787,jane got a gun,,jane got a gun
788,jason bourne,jason bourne,
789,jay and silent bob reboot,jay and silent bob reboot,
790,jeanne du barry,,jeanne du barry
791,jem and the holograms,,jem and the holograms
792,jeom-bak-i han-ban-do-ui gong-ryong 2: sae-ro-un nak-won,,jeom-bak-i han-ban-do-ui gong-ryong 2: sae-ro-un nak-won
793,jersey boys,,jersey boys
794,jessabelle,,jessabelle
795,jesse,,jesse
796,jesus people,,jesus people
797,jesus revolution,,jesus revolution
798,jexi,,jexi
799,jigsaw,,jigsaw
800,jimi: all is by my side,,jimi: all is by my side
801,jobs,,jobs
802,joe,,joe
803,john wick,,john wick
804,john wick: chapter 3 — parabellum,john wick: chapter 3 — parabellum,
805,john wick: chapter 4,,john wick: chapter 4
806,john wick: chapter two,john wick: chapter two,
807,johnny english strikes again,,johnny english strikes again
808,jojo rabbit,,jojo rabbit
809,joker,,joker
810,journey to bethlehem,journey to bethlehem,
811,joy,,joy
812,judas and the black messiah,,judas and the black messiah
813,"juliet, naked",,"juliet, naked"
814,julija in alfa romeo,,julija in alfa romeo
815,jumanji: the next level,jumanji: the next level,
816,jumanji: welcome to the jungle,jumanji: welcome to the jungle,
817,jungle cruise,,jungle cruise
818,jungle shuffle,,jungle shuffle
819,jupiter ascending,,jupiter ascending
820,jurassic world,,jurassic world
821,jurassic world: dominion,jurassic world: dominion,
822,jurassic world: fallen kingdom,,jurassic world: fallen kingdom
823,just getting started,,just getting started
824,just mercy,,just mercy
825,justice league,justice league,
826,järjettömän paska idea,,järjettömän paska idea
827,jìyì dàshī,jìyì dàshī,
828,kahlil gibran's the prophet,,kahlil gibran's the prophet
829,karachi se lahore,,karachi se lahore
830,keanu,,keanu
831,keeping up with the joneses,,keeping up with the joneses
832,kevin hart: let me explain,,kevin hart: let me explain
833,kevin hart: what now?,,kevin hart: what now?
834,khumba,,khumba
835,kick-ass 2,,kick-ass 2
836,kicks,kicks,
837,kidnap,,kidnap
838,kiljuset!,kiljuset!,
839,kill the messenger,,kill the messenger
840,killers of the flower moon,,killers of the flower moon
841,kin,,kin
842,king arthur: legend of the sword,,king arthur: legend of the sword
843,king richard,,king richard
844,kingsman: the golden circle,,kingsman: the golden circle
845,kingsman: the secret service,,kingsman: the secret service
846,kirikou et les hommes et les femmes,kirikou et les hommes et les femmes,
847,klaus,,klaus
848,knights of the zodiac,,knights of the zodiac
849,knives out,knives out,
850,knock at the cabin,,knock at the cabin
851,knock knock,,knock knock
852,kong: skull island,,kong: skull island
853,kono sekai no katasumi ni,,kono sekai no katasumi ni
854,krampus,,krampus
855,krisha,,krisha
856,kubo and the two strings,,kubo and the two strings
857,kung fu panda 3,,kung fu panda 3
858,kung fu panda 4,kung fu panda 4,
859,kursk,,kursk
860,l'attentat,,l'attentat
861,l'inconnu du lac,l'inconnu du lac,
862,la ch'tite famille,la ch'tite famille,
863,la chambre bleue,,la chambre bleue
864,la douleur,,la douleur
865,la famille bélier,la famille bélier,
866,la folle histoire de max et léon,la folle histoire de max et léon,
867,la grande bellezza,la grande bellezza,
868,la la land,,la la land
869,la naissance de la tortue rouge,,la naissance de la tortue rouge
870,la navaja de don juan,la navaja de don juan,
871,la vie d'adèle - chapitres 1 & 2,la vie d'adèle - chapitres 1 & 2,
872,labor day,,labor day
873,lady and the tramp,lady and the tramp,
874,lady bird,lady bird,
875,lady macbeth,,lady macbeth
876,lansky,,lansky
877,last christmas,last christmas,
878,last night in soho,,last night in soho
879,last vegas,,last vegas
880,late night,,late night
881,lbj,,lbj
882,le bonheur d'elza,le bonheur d'elza,
883,le flic de belleville,le flic de belleville,
884,le passé,,le passé
885,le tout nouveau testament,le tout nouveau testament,
886,lean on pete,,lean on pete
887,lee daniels' the butler,lee daniels' the butler,
888,left behind,,left behind
889,legend,,legend
890,legends of oz: dorothy's return,,legends of oz: dorothy's return
891,lena and snowball,lena and snowball,
892,les gamins,,les gamins
893,les gardiennes de la planète,,les gardiennes de la planète
894,les innocentes,les innocentes,
895,les rebelles du foot,,les rebelles du foot
896,let there be light,let there be light,
897,let's be cops,,let's be cops
898,let's kill ward's wife,,let's kill ward's wife
899,licorice pizza,licorice pizza,
900,life,life,
901,life after beth,,life after beth
902,life itself,life itself,
903,life of the party,,life of the party
904,lights out,,lights out
905,lightyear,,lightyear
906,like a boss,,like a boss
907,line walker (使徒行者),line walker (使徒行者),
908,lion,,lion
909,little boy,,little boy
910,little evil,little evil,
911,little women,,little women
912,live by night,live by night,
913,living dark: the story of ted the caver,,living dark: the story of ted the caver
914,locke,,locke
915,locker 13,,locker 13
916,logan,,logan
917,logan lucky,,logan lucky
918,loin des hommes,loin des hommes,
919,london fields,,london fields
920,london has fallen,london has fallen,
921,lone survivor,,lone survivor
922,long shot,,long shot
923,lords of london,,lords of london
924,los insolitos peces gato,los insolitos peces gato,
925,los perfectos desconocidos,,los perfectos desconocidos
926,lost river,,lost river
927,"loulou, l'incroyable secret","loulou, l'incroyable secret",
928,love & friendship,,love & friendship
929,love and monsters,love and monsters,
930,love in the time of monsters,,love in the time of monsters
931,love the coopers,,love the coopers
932,"love, simon",,"love, simon"
933,loving,loving,
934,loving vincent,,loving vincent
935,lowriders,,lowriders
936,lucky dog,,lucky dog
937,lucy,,lucy
938,lucy in the sky,,lucy in the sky
939,lumea e a mea,lumea e a mea,
940,lunch time heroes,,lunch time heroes
941,"lyle, lyle, crocodile",,"lyle, lyle, crocodile"
942,ma,,ma
943,ma vie de courgette,ma vie de courgette,
944,machete kills,,machete kills
945,mad god,mad god,
946,mad max: fury road,,mad max: fury road
947,madame web,,madame web
948,madeline's madeline,,madeline's madeline
949,maggie,,maggie
950,magic mike xxl,,magic mike xxl
951,malcolm & marie,,malcolm & marie
952,maleficent,,maleficent
953,maleficent: mistress of evil,,maleficent: mistress of evil
954,malignant,malignant,
955,mama,,mama
956,mamma mia: here we go again!,mamma mia: here we go again!,
957,man of steel,,man of steel
958,manchester by the sea,,manchester by the sea
959,mandate,,mandate
960,mandela: long walk to freedom,,mandela: long walk to freedom
961,mandy,,mandy
962,manglehorn,,manglehorn
963,marcel the shell with shoes on,,marcel the shell with shoes on
964,marriage story,marriage story,
965,marry me,,marry me
966,marshall,,marshall
967,mary poppins returns,mary poppins returns,
968,mary queen of scots,,mary queen of scots
969,masterminds,,masterminds
970,max,,max
971,max steel,,max steel
972,maze runner: the death cure,,maze runner: the death cure
973,maze runner: the scorch trials,,maze runner: the scorch trials
974,"mcfarland, usa",,"mcfarland, usa"
975,me and earl and the dying girl,,me and earl and the dying girl
976,me before you,me before you,
977,me you and five bucks,,me you and five bucks
978,mean girls,,mean girls
979,mechanic: resurrection,,mechanic: resurrection
980,meet the blacks,meet the blacks,
981,meet the mormons,,meet the mormons
982,meg 2: the trench,,meg 2: the trench
983,men in black: international,men in black: international,
984,"men, women and children","men, women and children",
985,message from the king,,message from the king
986,metallica through the never,,metallica through the never
987,metegol - underdogs united,,metegol - underdogs united
988,mi america,,mi america
989,mid90s,,mid90s
990,middle school: the worst years of my life,,middle school: the worst years of my life
991,midnight cabaret,,midnight cabaret
992,midnight in the switchgrass,,midnight in the switchgrass
993,midnight special,,midnight special
994,midnight sun,midnight sun,
995,midsommar,,midsommar
996,midway,,midway
997,migration,,migration
998,mike and dave need wedding dates,,mike and dave need wedding dates
999,mile 22,,mile 22
1000,million dollar arm,,million dollar arm
1001,minari,,minari
1002,minions,,minions
1003,minions: the rise of gru,,minions: the rise of gru
1004,miracles from heaven,,miracles from heaven
1005,misconduct,,misconduct
1006,miss bala,,miss bala
1007,miss julie,,miss julie
1008,miss peregrine's home for peculiar children,miss peregrine's home for peculiar children,
1009,miss sloane,,miss sloane
1010,mission: impossible - dead reckoning part one,,mission: impossible - dead reckoning part one
1011,mission: impossible - fallout,mission: impossible - fallout,
1012,mission: impossible - rogue nation,,mission: impossible - rogue nation
1013,mississippi grind,,mississippi grind
1014,moana,,moana
1015,molly's game,molly's game,
1016,mommy,,mommy
1017,moms' night out,,moms' night out
1018,money monster,,money monster
1019,monos,,monos
1020,monster hunter,,monster hunter
1021,monster trucks,monster trucks,
1022,monsters university,,monsters university
1023,moonfall,moonfall,
1024,moonlight,moonlight,
1025,morbius,,morbius
1026,morgan,,morgan
1027,mortadelo y filemón contra jimmy el cachondo,mortadelo y filemón contra jimmy el cachondo,
1028,mortal engines,mortal engines,
1029,mortal kombat,mortal kombat,
1030,mortdecai,,mortdecai
1031,mother!,,mother!
1032,mother's day,,mother's day
1033,motherless brooklyn,motherless brooklyn,
1034,mr. church,mr. church,
1035,mr. peabody & sherman,,mr. peabody & sherman
1036,mr. turner,,mr. turner
1037,mrs. harris goes to paris,mrs. harris goes to paris,
1038,mud,,mud
1039,mudbound,,mudbound
1040,mulan,,mulan
1041,"mune, le gardien de la lune","mune, le gardien de la lune",
1042,muppets most wanted,,muppets most wanted
1043,murder on the orient express,murder on the orient express,
1044,mustang,,mustang
1045,mutant world,,mutant world
1046,mutual friends,,mutual friends
1047,my all-american,,my all-american
1048,my animal,,my animal
1049,my big fat greek wedding 2,my big fat greek wedding 2,
1050,my last day without you,,my last day without you
1051,my little pony: the movie,,my little pony: the movie
1052,my old lady,,my old lady
1053,my spy,,my spy
1054,nancy drew and the hidden staircase,,nancy drew and the hidden staircase
1055,napoleon,,napoleon
1056,national champions,national champions,
1057,navy seal vs. zombies,navy seal vs. zombies,
1058,nebraska,,nebraska
1059,need for speed,,need for speed
1060,neeras,neeras,
1061,neighbors,,neighbors
1062,neighbors 2: sorority rising,,neighbors 2: sorority rising
1063,nerve,,nerve
1064,news of the world,,news of the world
1065,next goal wins,next goal wins,
1066,night at the museum: secret of the tomb,,night at the museum: secret of the tomb
1067,night school,,night school
1068,nightcrawler,,nightcrawler
1069,nightlights,,nightlights
1070,nightmare alley,,nightmare alley
1071,nine lives,,nine lives
1072,no escape,,no escape
1073,no good deed,,no good deed
1074,no hard feelings,,no hard feelings
1075,no time to die,,no time to die
1076,noah,,noah
1077,nobody,nobody,
1078,nobody's fool,,nobody's fool
1079,nocturnal animals,,nocturnal animals
1080,nomadland,,nomadland
1081,non-stop,,non-stop
1082,nope,,nope
1083,norm of the north,,norm of the north
1084,not cool,,not cool
1085,not safe for work,not safe for work,
1086,now you see me,,now you see me
1087,now you see me 2,,now you see me 2
1088,nurse 3d,nurse 3d,
1089,não pare na pista: a melhor história de paulo c,não pare na pista: a melhor história de paulo c,
1090,o menino e o mundo,o menino e o mundo,
1091,oblivion,,oblivion
1092,obvious child,,obvious child
1093,occupation,,occupation
1094,occupation: rainfall,,occupation: rainfall
1095,occupied city,,occupied city
1096,occupy wall street 10/4/11,,occupy wall street 10/4/11
1097,ocean's 8: reimagining the met gala,,ocean's 8: reimagining the met gala
1098,oculus,,oculus
1099,oddball,,oddball
1100,office christmas party,,office christmas party
1101,old,,old
1102,olympus has fallen,,olympus has fallen
1103,on the basis of sex,on the basis of sex,
1104,once upon a time in queens,,once upon a time in queens
1105,once upon a time…in hollywood,once upon a time…in hollywood,
1106,one direction: this is us,,one direction: this is us
1107,one night in miami...,,one night in miami...
1108,only god forgives,,only god forgives
1109,only the brave,only the brave,
1110,onward,onward,
1111,open road,,open road
1112,open secret,,open secret
1113,operation chromite,operation chromite,
1114,operation finale,,operation finale
1115,operation fortune: ruse de guerre,,operation fortune: ruse de guerre
1116,operation mincemeat,,operation mincemeat
1117,oppenheimer,oppenheimer,
1118,ostatnia rodzina,ostatnia rodzina,
1119,ouija,,ouija
1120,ouija: origin of evil,,ouija: origin of evil
1121,our brand is crisis,,our brand is crisis
1122,our friend,,our friend
1123,out of the furnace,,out of the furnace
1124,out of the inferno,out of the inferno,
1125,outlaw king,,outlaw king
1126,overboard,overboard,
1127,overcomer,,overcomer
1128,overdrive,,overdrive
1129,overlord,,overlord
1130,oz the great and powerful,,oz the great and powerful
1131,pacific rim,,pacific rim
1132,pacific rim: uprising,,pacific rim: uprising
1133,paddington,,paddington
1134,pain & gain,,pain & gain
1135,palm springs,,palm springs
1136,palmer,,palmer
1137,palo alto,,palo alto
1138,pan,,pan
1139,paper towns,,paper towns
1140,paranoia,,paranoia
1141,paranormal activity: the ghost dimension,,paranormal activity: the ghost dimension
1142,paranormal activity: the marked ones,,paranormal activity: the marked ones
1143,parasite (기생충),parasite (기생충),
1144,parker,,parker
1145,parkland,,parkland
1146,passengers,passengers,
1147,passing,,passing
1148,past lives,,past lives
1149,paterson,,paterson
1150,patients of a saint,patients of a saint,
1151,patriots day,,patriots day
1152,patti cake$,patti cake$,
1153,paul blart: mall cop 2,,paul blart: mall cop 2
1154,"paul, apostle of christ",,"paul, apostle of christ"
1155,paw patrol: the mighty movie,,paw patrol: the mighty movie
1156,paw patrol: the movie,,paw patrol: the movie
1157,paws of fury: the legend of hank,,paws of fury: the legend of hank
1158,peeples,,peeples
1159,pen huo mei ren yu,,pen huo mei ren yu
1160,penguins of madagascar,,penguins of madagascar
1161,peppermint,,peppermint
1162,percy jackson: sea of monsters,,percy jackson: sea of monsters
1163,perfect cowboy,,perfect cowboy
1164,personal shopper,,personal shopper
1165,pertsa & kilu 2,pertsa & kilu 2,
1166,pet sematary,,pet sematary
1167,pete's dragon,pete's dragon,
1168,peter rabbit,,peter rabbit
1169,peter rabbit 2: the runaway,,peter rabbit 2: the runaway
1170,phantom,,phantom
1171,phantom thread,,phantom thread
1172,philomena,,philomena
1173,phoenix forgotten,,phoenix forgotten
1174,pinocchio,,pinocchio
1175,pirates of the caribbean: dead men tell no tales,,pirates of the caribbean: dead men tell no tales
1176,pitch perfect 2,,pitch perfect 2
1177,pitch perfect 3,pitch perfect 3,
1178,pixels,,pixels
1179,planes: fire and rescue,planes: fire and rescue,
1180,plastic,,plastic
1181,playmobil: the movie,,playmobil: the movie
1182,plush,,plush
1183,pmc: deo beong-keo,pmc: deo beong-keo,
1184,point break,,point break
1185,pokémon: detective pikachu,,pokémon: detective pikachu
1186,polina danser sa vie,polina danser sa vie,
1187,poltergeist,,poltergeist
1188,pompeii,,pompeii
1189,poms,,poms
1190,popstar: never stop never stopping,,popstar: never stop never stopping
1191,por amor en el caserio,,por amor en el caserio
1192,portrait de la jeune fille en feu,portrait de la jeune fille en feu,
1193,posledniy bogatyr,posledniy bogatyr,
1194,pound of flesh,,pound of flesh
1195,pourquoi j'ai pas mangé mon père,pourquoi j'ai pas mangé mon père,
1196,power rangers,,power rangers
1197,praia do futuro,praia do futuro,
1198,prey,,prey
1199,pride and prejudice and zombies,pride and prejudice and zombies,
1200,priscilla,,priscilla
1201,prisoners,,prisoners
1202,prityazhenie,,prityazhenie
1203,profile,,profile
1204,project almanac,,project almanac
1205,project power,,project power
1206,promised land,,promised land
1207,proud mary,,proud mary
1208,pump,,pump
1209,puss in boots: the last wish,,puss in boots: the last wish
1210,que horas ela volta?,que horas ela volta?,
1211,queen & slim,,queen & slim
1212,queen crab,,queen crab
1213,queen of katwe,,queen of katwe
1214,queen of the desert,,queen of the desert
1215,r.i.p.d.,,r.i.p.d.
1216,r.l. stine's monsterville: the cabinet of souls,r.l. stine's monsterville: the cabinet of souls,
1217,r100,,r100
1218,race,race,
1219,ralph breaks the internet,,ralph breaks the internet
1220,rambo: last blood,,rambo: last blood
1221,rampage,,rampage
1222,ratchet and clank,ratchet and clank,
1223,reach me,,reach me
1224,ready or not,,ready or not
1225,ready player one,,ready player one
1226,reagan,,reagan
1227,rebirth,,rebirth
1228,red 11,red 11,
1229,red 2,,red 2
1230,red notice,,red notice
1231,red sky,,red sky
1232,red sparrow,,red sparrow
1233,redemption,,redemption
1234,regression,,regression
1235,reminiscence,,reminiscence
1236,renegades,,renegades
1237,renfield,,renfield
1238,replicas,,replicas
1239,resident evil: the final chapter,resident evil: the final chapter,
1240,resident evil: welcome to raccoon city,,resident evil: welcome to raccoon city
1241,retfærdighedens ryttere,retfærdighedens ryttere,
1242,revenge of the green dragons,,revenge of the green dragons
1243,richard jewell,,richard jewell
1244,ricki and the flash,,ricki and the flash
1245,ride along,,ride along
1246,ride along 2,ride along 2,
1247,rings,rings,
1248,rio 2,,rio 2
1249,rise of the entrepreneur: the search for a bett,rise of the entrepreneur: the search for a bett,
1250,risen,,risen
1251,road hard,,road hard
1252,roadside,,roadside
1253,robin hood,,robin hood
1254,robinson crusoe,,robinson crusoe
1255,robocop,,robocop
1256,robot overlords,,robot overlords
1257,rock dog,rock dog,
1258,rock the kasbah,,rock the kasbah
1259,rocketman,,rocketman
1260,rogue city,,rogue city
1261,rogue one: a star wars story,,rogue one: a star wars story
1262,roma,,roma
1263,"roman j. israel, esq.","roman j. israel, esq.",
1264,room,,room
1265,rosewater,,rosewater
1266,rotor dr1,,rotor dr1
1267,rough night,,rough night
1268,ruby gillman: teenage kraken,,ruby gillman: teenage kraken
1269,rudderless,,rudderless
1270,rules don't apply,,rules don't apply
1271,run all night,,run all night
1272,run the race,,run the race
1273,"run, hide, die",,"run, hide, die"
1274,runner runner,,runner runner
1275,running forever,running forever,
1276,rush,,rush
1277,rust creek,,rust creek
1278,sabotage,,sabotage
1279,safe haven,,safe haven
1280,same kind of different as me,,same kind of different as me
1281,san andreas,,san andreas
1282,san cheng ji,san cheng ji,
1283,sanctuary; quite a conundrum,,sanctuary; quite a conundrum
1284,sardaar ji,sardaar ji,
1285,saul fia,saul fia,
1286,sausage party,,sausage party
1287,saving mr. banks,,saving mr. banks
1288,savva. serdtse voyna,savva. serdtse voyna,
1289,saw x,,saw x
1290,scary movie v,,scary movie v
1291,scary stories to tell in the dark,,scary stories to tell in the dark
1292,scouts guide to the zombie apocalypse,,scouts guide to the zombie apocalypse
1293,scream,,scream
1294,scream vi,,scream vi
1295,searching,searching,
1296,seberg,,seberg
1297,second act,,second act
1298,secret in their eyes,,secret in their eyes
1299,self/less,,self/less
1300,selma,,selma
1301,serenity,,serenity
1302,set it up,,set it up
1303,seventh son,,seventh son
1304,sex tape,,sex tape
1305,sgt. stubby: an american hero,sgt. stubby: an american hero,
1306,sh*thouse,sh*thouse,
1307,sha po lang: tan lang,sha po lang: tan lang,
1308,shaft,,shaft
1309,shang-chi and the legend of the ten rings,shang-chi and the legend of the ten rings,
1310,shark lake,,shark lake
1311,sharkskin,,sharkskin
1312,shaun the sheep,,shaun the sheep
1313,shazam!,,shazam!
1314,shazam! fury of the gods,,shazam! fury of the gods
1315,sherlock gnomes,sherlock gnomes,
1316,short term 12,,short term 12
1317,show dogs,,show dogs
1318,shut in,,shut in
1319,siakh lokhamim: ha'slilim ha'gnouzim,siakh lokhamim: ha'slilim ha'gnouzim,
1320,sicario,,sicario
1321,sicario: day of the soldado,,sicario: day of the soldado
1322,side effects,,side effects
1323,silence,,silence
1324,sin city: a dame to kill for,,sin city: a dame to kill for
1325,sing,sing,
1326,sing 2,,sing 2
1327,sinister 2,,sinister 2
1328,sisters,,sisters
1329,skammerens datter,skammerens datter,
1330,skin trade,,skin trade
1331,skinamarink,,skinamarink
1332,sky sharks,,sky sharks
1333,skyscraper,,skyscraper
1334,sleepless,sleepless,
1335,sleight,,sleight
1336,slender man,,slender man
1337,slow west,,slow west
1338,small apartments,,small apartments
1339,smallfoot,,smallfoot
1340,smile,smile,
1341,smurfs: the lost village,,smurfs: the lost village
1342,snake eyes: g.i. joe origins,snake eyes: g.i. joe origins,
1343,snatched,,snatched
1344,snitch,,snitch
1345,snowden,,snowden
1346,snowpiercer,,snowpiercer
1347,socrates,,socrates
1348,solo: a star wars story,,solo: a star wars story
1349,something wicked,,something wicked
1350,son of a gun,,son of a gun
1351,son of god,,son of god
1352,song one,,song one
1353,sonic the hedgehog,sonic the hedgehog,
1354,sonic the hedgehog 2,sonic the hedgehog 2,
1355,sorry to bother you,sorry to bother you,
1356,sound of freedom,,sound of freedom
1357,sound of metal,sound of metal,
1358,southpaw,,southpaw
1359,space jam: a new legacy,,space jam: a new legacy
1360,space pirate captain harlock,,space pirate captain harlock
1361,spare parts,,spare parts
1362,sparrows dance,,sparrows dance
1363,speak no evil,,speak no evil
1364,spectre,,spectre
1365,spider-man: across the spider-verse,spider-man: across the spider-verse,
1366,spider-man: far from home,spider-man: far from home,
1367,spider-man: homecoming,,spider-man: homecoming
1368,spider-man: into the spider-verse 3d,spider-man: into the spider-verse 3d,
1369,spider-man: no way home,,spider-man: no way home
1370,spies in disguise,,spies in disguise
1371,spiral,,spiral
1372,spirit untamed,spirit untamed,
1373,split,,split
1374,spotlight,,spotlight
1375,spring breakers,,spring breakers
1376,spy,,spy
1377,st. vincent,,st. vincent
1378,stagecoach: the texas jack story,,stagecoach: the texas jack story
1379,stan & ollie,,stan & ollie
1380,star trek beyond,star trek beyond,
1381,star trek into darkness,,star trek into darkness
1382,star wars ep. vii: the force awakens,star wars ep. vii: the force awakens,
1383,star wars ep. viii: the last jedi,star wars ep. viii: the last jedi,
1384,star wars: the rise of skywalker. poetic version,,star wars: the rise of skywalker. poetic version
1385,step sisters,,step sisters
1386,steve jobs,,steve jobs
1387,still alice,,still alice
1388,stoker,,stoker
1389,storks,storks,
1390,straight a's,,straight a's
1391,straight outta compton,,straight outta compton
1392,stranded,,stranded
1393,strange frame: love & sax,,strange frame: love & sax
1394,strange world,strange world,
1395,strangerland,,strangerland
1396,strays,,strays
1397,stronger,stronger,
1398,stuber,,stuber
1399,stung,,stung
1400,subconscious,,subconscious
1401,suburbicon,,suburbicon
1402,suffragette,,suffragette
1403,suicide squad,,suicide squad
1404,sully,,sully
1405,sultan,,sultan
1406,summerland,,summerland
1407,super troopers 2,super troopers 2,
1408,superfly,,superfly
1409,supesu batorushippu yamato,supesu batorushippu yamato,
1410,supporting characters,,supporting characters
1411,survivor,,survivor
1412,suspiria,,suspiria
1413,sweet country,,sweet country
1414,swelter,,swelter
1415,swiss army man,,swiss army man
1416,sztuka kochania. historia michaliny wislockiej,sztuka kochania. historia michaliny wislockiej,
1417,t-34,t-34,
1418,t2 trainspotting,,t2 trainspotting
1419,table 19,,table 19
1420,tag,,tag
1421,taken 3,,taken 3
1422,talk to me,,talk to me
1423,tallulah,,tallulah
1424,tammy,,tammy
1425,tang ren jie tan an 3,tang ren jie tan an 3,
1426,tao jie,tao jie,
1427,ted 2,,ted 2
1428,teefa in trouble,teefa in trouble,
1429,teen beach movie,,teen beach movie
1430,teen spirit,,teen spirit
1431,teen titans go! to the movies,,teen titans go! to the movies
1432,teenage mutant ninja turtles,,teenage mutant ninja turtles
1433,teenage mutant ninja turtles: mutant mayhem,,teenage mutant ninja turtles: mutant mayhem
1434,teenage mutant ninja turtles: out of the shadows,,teenage mutant ninja turtles: out of the shadows
1435,teeth and blood,,teeth and blood
1436,ten,,ten
1437,tenet,,tenet
1438,terminator genisys,,terminator genisys
1439,terminator: dark fate,,terminator: dark fate
1440,terrifier,,terrifier
1441,terrifier 2,,terrifier 2
1442,test,,test
1443,testament of youth,,testament of youth
1444,texas chainsaw 3d,texas chainsaw 3d,
1445,thank you for your service,thank you for your service,
1446,thanksgiving,,thanksgiving
1447,that awkward moment,,that awkward moment
1448,that way madness lies...,,that way madness lies...
1449,the 15:17 to paris,,the 15:17 to paris
1450,the 33,,the 33
1451,the 355,,the 355
1452,the 5th wave,the 5th wave,
1453,the abandoned,,the abandoned
1454,the accountant,,the accountant
1455,the act of killing,,the act of killing
1456,the addams family,,the addams family
1457,the adventurer: the curse of the midas box,,the adventurer: the curse of the midas box
1458,the aeronauts,,the aeronauts
1459,the age of adaline,,the age of adaline
1460,the age of shadows,,the age of shadows
1461,the algerian,,the algerian
1462,the amazing spider-man 2,,the amazing spider-man 2
1463,the angry birds movie,,the angry birds movie
1464,the angry birds movie 2,the angry birds movie 2,
1465,the art of racing in the rain,,the art of racing in the rain
1466,the assistant,,the assistant
1467,the babadook,,the babadook
1468,the bad guys,,the bad guys
1469,the banker,,the banker
1470,the banshees of inisherin,,the banshees of inisherin
1471,the batman,the batman,
1472,the beach bum,,the beach bum
1473,the beguiled,the beguiled,
1474,the belko experiment,,the belko experiment
1475,the best man holiday,,the best man holiday
1476,the best of enemies,,the best of enemies
1477,the best of me,,the best of me
1478,the bfg,the bfg,
1479,the big short,,the big short
1480,the big sick,,the big sick
1481,the big wedding,,the big wedding
1482,the birth of a nation,,the birth of a nation
1483,the book of henry,,the book of henry
1484,the book of life,,the book of life
1485,the book thief,,the book thief
1486,the boss,the boss,
1487,the boss baby,the boss baby,
1488,the boss baby: family business,the boss baby: family business,
1489,the bounce back,the bounce back,
1490,the boxtrolls,,the boxtrolls
1491,the boy,,the boy
1492,the boy next door,,the boy next door
1493,the brain that sings,,the brain that sings
1494,the brass teapot,,the brass teapot
1495,the bronze,,the bronze
1496,the brothers grimsby,,the brothers grimsby
1497,the bye bye man,,the bye bye man
1498,the call,,the call
1499,the call of the wild,,the call of the wild
1500,the canyons,,the canyons
1501,the case for christ,,the case for christ
1502,the christmas candle,,the christmas candle
1503,the circle,,the circle
1504,the circus: down the road,,the circus: down the road
1505,the climb,the climb,
1506,the comedian,the comedian,
1507,the commuter,the commuter,
1508,the conjuring,,the conjuring
1509,the conjuring 2: the enfield poltergeist,the conjuring 2: the enfield poltergeist,
1510,the conjuring: the devil made me do it,,the conjuring: the devil made me do it
1511,the counselor,,the counselor
1512,the creator,,the creator
1513,the croods,,the croods
1514,the croods: a new age,,the croods: a new age
1515,the current war: director's cut,the current war: director's cut,
1516,the curse of downers grove,,the curse of downers grove
1517,the curse of la llorona,the curse of la llorona,
1518,the d train,,the d train
1519,the danish girl,,the danish girl
1520,the dark tower,,the dark tower
1521,the darkest minds,,the darkest minds
1522,the diary of a teenage girl,,the diary of a teenage girl
1523,the dirties,,the dirties
1524,the disappointments room,,the disappointments room
1525,the disaster artist,,the disaster artist
1526,the divergent series: allegiant,the divergent series: allegiant,
1527,the divergent series: insurgent,,the divergent series: insurgent
1528,the dog lover,,the dog lover
1529,the dressmaker,,the dressmaker
1530,the drop,,the drop
1531,the duff,,the duff
1532,the east,,the east
1533,the edge of seventeen,,the edge of seventeen
1534,the emoji movie,the emoji movie,
1535,the equalizer,,the equalizer
1536,the equalizer 2,the equalizer 2,
1537,the exorcist: believer,,the exorcist: believer
1538,the expendables 3,,the expendables 3
1539,the eyes of my mother,,the eyes of my mother
1540,the face of an angel,,the face of an angel
1541,the face of love,,the face of love
1542,the fall guy,,the fall guy
1543,the family,,the family
1544,the fantastic four,,the fantastic four
1545,the farewell,,the farewell
1546,the fate of the furious,,the fate of the furious
1547,the father,the father,
1548,the fault in our stars,,the fault in our stars
1549,the favourite,,the favourite
1550,the fifth estate,,the fifth estate
1551,the final girls,,the final girls
1552,the finest hours,the finest hours,
1553,the first purge,,the first purge
1554,the fits,,the fits
1555,the flash,,the flash
1556,the florida project,,the florida project
1557,the foreigner,,the foreigner
1558,the forest,,the forest
1559,the forever purge,,the forever purge
1560,the founder,the founder,
1561,the front man,,the front man
1562,the frozen ground,,the frozen ground
1563,the gallows,,the gallows
1564,the gambler,,the gambler
1565,the gatekeepers,,the gatekeepers
1566,the gentlemen,,the gentlemen
1567,the ghouls,,the ghouls
1568,the gift,,the gift
1569,the girl in the spider's web,the girl in the spider's web,
1570,the girl on the train,the girl on the train,
1571,the girl with all the gifts,,the girl with all the gifts
1572,the giver,,the giver
1573,the goldfinch,,the goldfinch
1574,the good dinosaur,,the good dinosaur
1575,the good liar,,the good liar
1576,the grand budapest hotel,,the grand budapest hotel
1577,the gray man,the gray man,
1578,the great gatsby,,the great gatsby
1579,the great wall,,the great wall
1580,the greatest showman,the greatest showman,
1581,the green inferno,,the green inferno
1582,the green knight,the green knight,
1583,the grudge,,the grudge
1584,the gunman,,the gunman
1585,the hangover 3,the hangover 3,
1586,the happy prince,,the happy prince
1587,the happytime murders,the happytime murders,
1588,the hatching,,the hatching
1589,the hate u give,,the hate u give
1590,the hateful eight,,the hateful eight
1591,the heat,,the heat
1592,the history of love,,the history of love
1593,the hitman's bodyguard,,the hitman's bodyguard
1594,the hitman's wife's bodyguard,the hitman's wife's bodyguard,
1595,the hobbit: the battle of the five armies,,the hobbit: the battle of the five armies
1596,the hobbit: the desolation of smaug,,the hobbit: the desolation of smaug
1597,the homesman,,the homesman
1598,the horror network vol. 1,,the horror network vol. 1
1599,the host,,the host
1600,the house,the house,
1601,the house next door: meet the blacks 2,,the house next door: meet the blacks 2
1602,the house with a clock in its walls,,the house with a clock in its walls
1603,the hundred-foot journey,,the hundred-foot journey
1604,the hunger games: catching fire,,the hunger games: catching fire
1605,the hunger games: mockingjay - part 1,,the hunger games: mockingjay - part 1
1606,the hunger games: mockingjay - part 2,,the hunger games: mockingjay - part 2
1607,the hunger games: the ballad of songbirds & snakes,,the hunger games: the ballad of songbirds & snakes
1608,the hunt,,the hunt
1609,the huntsman: winter's war,the huntsman: winter's war,
1610,the hurricane heist,the hurricane heist,
1611,the hustle,,the hustle
1612,the iceman,,the iceman
1613,the imitation game,,the imitation game
1614,the immigrant,,the immigrant
1615,the incredible burt wonderstone,,the incredible burt wonderstone
1616,the infiltrator,,the infiltrator
1617,the informer,,the informer
1618,the inspection,,the inspection
1619,the intern,,the intern
1620,the internship,,the internship
1621,the interview,,the interview
1622,the intruder,,the intruder
1623,the invisible man,,the invisible man
1624,the invitation,the invitation,
1625,the irishman,,the irishman
1626,the iron claw,,the iron claw
1627,the islands,the islands,
1628,the judge,,the judge
1629,the jungle book,,the jungle book
1630,the kid,,the kid
1631,the kid who would be king,the kid who would be king,
1632,the killing of two lovers,,the killing of two lovers
1633,the kindergarten teacher,,the kindergarten teacher
1634,the king's daughter,the king's daughter,
1635,the king's man,,the king's man
1636,the kitchen,,the kitchen
1637,the lady in the van,,the lady in the van
1638,the lair,,the lair
1639,the land,,the land
1640,the last black man in san francisco,the last black man in san francisco,
1641,the last days on mars,,the last days on mars
1642,the last duel,,the last duel
1643,the last exorcism part ii,,the last exorcism part ii
1644,the last five years,,the last five years
1645,the last full measure,,the last full measure
1646,the last stand,,the last stand
1647,the last voyage of the demeter,the last voyage of the demeter,
1648,the last witch hunter,,the last witch hunter
1649,the lazarus effect,,the lazarus effect
1650,the legend of hercules,,the legend of hercules
1651,the legend of tarzan,the legend of tarzan,
1652,the lego batman movie,,the lego batman movie
1653,the lego movie,,the lego movie
1654,the lego movie 2: the second part,,the lego movie 2: the second part
1655,the lego ninjago movie,the lego ninjago movie,
1656,the light between oceans,,the light between oceans
1657,the lighthouse,,the lighthouse
1658,the lion king,the lion king,
1659,the little mermaid,the little mermaid,
1660,the little ponderosa zoo,,the little ponderosa zoo
1661,the little prince,,the little prince
1662,the little things,,the little things
1663,the lobster,,the lobster
1664,the lone ranger,,the lone ranger
1665,the longest ride,,the longest ride
1666,the looking glass,,the looking glass
1667,the lords of salem,,the lords of salem
1668,the lost city,the lost city,
1669,the lost city of z,,the lost city of z
1670,the lost medallion: the adventures of billy stone,,the lost medallion: the adventures of billy stone
1671,the love letter,,the love letter
1672,the lovebirds,,the lovebirds
1673,the lovers,,the lovers
1674,the lunchbox,,the lunchbox
1675,the machine,,the machine
1676,the magic flute,,the magic flute
1677,the magnificent seven,,the magnificent seven
1678,the maid's room,,the maid's room
1679,the man from toronto,,the man from toronto
1680,the man from u.n.c.l.e.,,the man from u.n.c.l.e.
1681,the man in the hat,the man in the hat,
1682,the man who knew infinity,,the man who knew infinity
1683,the many saints of newark,,the many saints of newark
1684,the marine 4: moving target,,the marine 4: moving target
1685,the marksman,,the marksman
1686,the martian,,the martian
1687,the marvels,the marvels,
1688,the masked saint,the masked saint,
1689,the matrix resurrections,,the matrix resurrections
1690,the maze runner,,the maze runner
1691,the meddler,,the meddler
1692,the meg,,the meg
1693,the menu,,the menu
1694,the midnight sky,,the midnight sky
1695,the miseducation of cameron post,the miseducation of cameron post,
1696,the monster,,the monster
1697,the monuments men,,the monuments men
1698,the mortal instruments: city of bones,,the mortal instruments: city of bones
1699,the mule,,the mule
1700,the mummy,,the mummy
1701,the neon demon,the neon demon,
1702,the new mutants,,the new mutants
1703,the nice guys,,the nice guys
1704,the night before,,the night before
1705,the night visitor,,the night visitor
1706,the november man,,the november man
1707,the nun,,the nun
1708,the nut job,,the nut job
1709,the nut job 2: nutty by nature,,the nut job 2: nutty by nature
1710,the nutcracker and the four realms,,the nutcracker and the four realms
1711,the old guard,the old guard,
1712,the old man and the gun,the old man and the gun,
1713,the opposite sex,,the opposite sex
1714,the other side of the door,,the other side of the door
1715,the other woman,,the other woman
1716,the outfit,,the outfit
1717,the outrageous sophie tucker,,the outrageous sophie tucker
1718,the overnight,,the overnight
1719,the past is a grotesque animal,,the past is a grotesque animal
1720,the peanut butter falcon,,the peanut butter falcon
1721,the peanuts movie,,the peanuts movie
1722,the perfect guy,,the perfect guy
1723,the perfect match,,the perfect match
1724,the perfect wave,,the perfect wave
1725,the personal history of david copperfield,the personal history of david copperfield,
1726,the pet,,the pet
1727,the photograph,,the photograph
1728,the place beyond the pines,,the place beyond the pines
1729,the pope's exorcist,the pope's exorcist,
1730,the possession of hannah grace,,the possession of hannah grace
1731,the possession of michael king,,the possession of michael king
1732,the post,,the post
1733,the power of the dog,,the power of the dog
1734,the predator,,the predator
1735,the prince,,the prince
1736,the prodigy,,the prodigy
1737,the professor and the madman,,the professor and the madman
1738,the promise,,the promise
1739,the purge,,the purge
1740,the purge: anarchy,,the purge: anarchy
1741,the purge: election year,,the purge: election year
1742,the quiet ones,,the quiet ones
1743,the railway man,,the railway man
1744,the reckoning,,the reckoning
1745,the reluctant fundamentalist,,the reluctant fundamentalist
1746,the report,,the report
1747,the resurrection of gavin stone,,the resurrection of gavin stone
1748,the revenant,,the revenant
1749,the rhythm section,the rhythm section,
1750,the ridiculous 6,,the ridiculous 6
1751,the rise of the krays,,the rise of the krays
1752,the romantics: 21 and over,,the romantics: 21 and over
1753,the rover,,the rover
1754,the salvation,,the salvation
1755,the second best exotic marigold hotel,,the second best exotic marigold hotel
1756,the secret life of pets,,the secret life of pets
1757,the secret life of pets 2,the secret life of pets 2,
1758,the secret life of walter mitty,,the secret life of walter mitty
1759,the secret: dare to dream,the secret: dare to dream,
1760,the shack,,the shack
1761,the shallows,,the shallows
1762,the shape of water,,the shape of water
1763,the signal,,the signal
1764,the sisterhood of night,,the sisterhood of night
1765,the sisters brothers,,the sisters brothers
1766,the skeleton twins,,the skeleton twins
1767,the sleepwalker (2014),the sleepwalker (2014),
1768,the smurfs 2,,the smurfs 2
1769,the snowman,,the snowman
1770,the sound and the shadow,,the sound and the shadow
1771,the space between us,,the space between us
1772,the spectacular now,,the spectacular now
1773,the spongebob movie: sponge on the run,the spongebob movie: sponge on the run,
1774,the spongebob movie: sponge out of water,,the spongebob movie: sponge out of water
1775,the spy who dumped me,,the spy who dumped me
1776,the square,,the square
1777,the star,,the star
1778,the strangers: prey at night,,the strangers: prey at night
1779,the suicide squad,the suicide squad,
1780,the sun is also a star,,the sun is also a star
1781,the super mario bros. movie,,the super mario bros. movie
1782,the tax collector,,the tax collector
1783,the theory of everything,,the theory of everything
1784,the timber,,the timber
1785,the to do list,,the to do list
1786,the tomorrow war,,the tomorrow war
1787,the transporter refueled,,the transporter refueled
1788,the trial of the chicago 7,the trial of the chicago 7,
1789,the true cost,,the true cost
1790,the turning,,the turning
1791,the unbearable weight of massive talent,,the unbearable weight of massive talent
1792,the underdoggs,the underdoggs,
1793,the unholy,,the unholy
1794,the upside,,the upside
1795,the vatican tapes,,the vatican tapes
1796,the veil,,the veil
1797,the velocipastor,,the velocipastor
1798,the visit,,the visit
1799,the walk,,the walk
1800,the walking deceased,,the walking deceased
1801,the wall,the wall,
1802,the wandering earth (流浪地球),the wandering earth (流浪地球),
1803,the war with grandpa,,the war with grandpa
1804,the water diviner,,the water diviner
1805,the way back,,the way back
1806,the way way back,,the way way back
1807,the wedding ringer,,the wedding ringer
1808,the whale,,the whale
1809,the witch,the witch,
1810,the wolf of wall street,,the wolf of wall street
1811,the wolverine,,the wolverine
1812,the woman in the window,,the woman in the window
1813,the woman king,,the woman king
1814,the word,,the word
1815,the world's end,,the world's end
1816,the wretched,the wretched,
1817,the young and prodigious t.s. spivet,,the young and prodigious t.s. spivet
1818,the young messiah,,the young messiah
1819,the zookeeper's wife,,the zookeeper's wife
1820,theeb,,theeb
1821,theresa is a mother,,theresa is a mother
1822,they came together,,they came together
1823,they will have to kill us first,,they will have to kill us first
1824,think like a man too,,think like a man too
1825,this is martin bonner,,this is martin bonner
1826,this is the end,,this is the end
1827,this is where i leave you,,this is where i leave you
1828,thor: love and thunder,thor: love and thunder,
1829,thor: ragnarok,thor: ragnarok,
1830,thor: the dark world,,thor: the dark world
1831,thoroughbreds,,thoroughbreds
1832,"three billboards outside ebbing, missouri",,"three billboards outside ebbing, missouri"
1833,three thousand years of longing,,three thousand years of longing
1834,thunder and the house of magic,,thunder and the house of magic
1835,tian jiang xiong shi,tian jiang xiong shi,
1836,ticket to paradise,ticket to paradise,
1837,tiger orange,,tiger orange
1838,timbuktu,,timbuktu
1839,time,,time
1840,time to choose,,time to choose
1841,timmy failure: mistakes were made,,timmy failure: mistakes were made
1842,"to be frank, sinatra at 100","to be frank, sinatra at 100",
1843,to write love on her arms,,to write love on her arms
1844,tolkien,tolkien,
1845,tom and jerry,tom and jerry,
1846,tomb raider,,tomb raider
1847,tomorrowland,,tomorrowland
1848,top five,,top five
1849,top gun: maverick,top gun: maverick,
1850,top spin,,top spin
1851,toy story 4,,toy story 4
1852,traffik,,traffik
1853,trainwreck,,trainwreck
1854,trance,,trance
1855,transcendence,,transcendence
1856,transformers: age of extinction,,transformers: age of extinction
1857,transformers: rise of the beasts,transformers: rise of the beasts,
1858,transformers: the last knight,,transformers: the last knight
1859,trash,,trash
1860,treading water,,treading water
1861,trener,,trener
1862,triangle of sadness,triangle of sadness,
1863,triple 9,,triple 9
1864,triple frontier,,triple frontier
1865,triple threat,,triple threat
1866,trolls,,trolls
1867,trolls band together,,trolls band together
1868,trudno byt bogom,trudno byt bogom,
1869,trumbo,,trumbo
1870,truth,,truth
1871,truth or dare,,truth or dare
1872,tulip fever,,tulip fever
1873,turbo,,turbo
1874,turbo kid,,turbo kid
1875,turning red,turning red,
1876,tusk,,tusk
1877,twenty-two,,twenty-two
1878,two lovers and a bear,,two lovers and a bear
1879,two night stand,,two night stand
1880,tyler perry's a madea christmas,tyler perry's a madea christmas,
1881,tyler perry's a madea family funeral,tyler perry's a madea family funeral,
1882,tyler perry's a madea homecoming,tyler perry's a madea homecoming,
1883,tyler perry's boo 2! a madea halloween,tyler perry's boo 2! a madea halloween,
1884,tyler perry's boo! a madea halloween,tyler perry's boo! a madea halloween,
1885,tyler perry's temptation,tyler perry's temptation,
1886,uglydolls,,uglydolls
1887,un monstre à paris,un monstre à paris,
1888,un sac de billes,,un sac de billes
1889,unbroken,,unbroken
1890,unbroken: path to redemption,unbroken: path to redemption,
1891,uncharted,,uncharted
1892,uncle drew,uncle drew,
1893,under sandet,under sandet,
1894,under the skin,,under the skin
1895,underdogs,,underdogs
1896,underwater,,underwater
1897,underworld: blood wars,,underworld: blood wars
1898,undivided,,undivided
1899,unfinished business,,unfinished business
1900,unforgettable,,unforgettable
1901,unfriended,,unfriended
1902,unfriended: dark web,,unfriended: dark web
1903,unhinged,,unhinged
1904,united passions,,united passions
1905,unnatural,,unnatural
1906,unplanned,,unplanned
1907,unsane,,unsane
1908,unsullied,,unsullied
1909,upgrade,,upgrade
1910,us,,us
1911,uss indianapolis: men of courage,,uss indianapolis: men of courage
1912,utøya 22. juli,utøya 22. juli,
1913,vaalu,,vaalu
1914,vacation,,vacation
1915,valerian and the city of a thousand planets,,valerian and the city of a thousand planets
1916,velvet buzzsaw,,velvet buzzsaw
1917,venom,,venom
1918,venom: let there be carnage,,venom: let there be carnage
1919,veronica mars,,veronica mars
1920,vessel,,vessel
1921,vice,,vice
1922,victor frankenstein,,victor frankenstein
1923,victoria and abdul,victoria and abdul,
1924,violent night,,violent night
1925,virunga,,virunga
1926,visages villages,visages villages,
1927,viy,,viy
1928,voyagers,,voyagers
1929,vuosisadan häät,,vuosisadan häät
1930,walking with dinosaurs,,walking with dinosaurs
1931,walter,,walter
1932,war dogs,,war dogs
1933,war for the planet of the apes,war for the planet of the apes,
1934,war room,,war room
1935,warcraft,,warcraft
1936,warm bodies,,warm bodies
1937,water & power,,water & power
1938,we are your friends,,we are your friends
1939,we're the millers,we're the millers,
1940,welcome to marwen,,welcome to marwen
1941,werk ohne autor,werk ohne autor,
1942,west side story,,west side story
1943,western religion,,western religion
1944,what if,,what if
1945,what men want,,what men want
1946,wheelman,wheelman,
1947,when the bough breaks,when the bough breaks,
1948,when the game stands tall,,when the game stands tall
1949,where the crawdads sing,,where the crawdads sing
1950,"where'd you go, bernadette",,"where'd you go, bernadette"
1951,while we're young,,while we're young
1952,whiplash,,whiplash
1953,whiskey tango foxtrot,,whiskey tango foxtrot
1954,white boy rick,,white boy rick
1955,white house down,,white house down
1956,why him?,why him?,
1957,wicked blood,,wicked blood
1958,widows,,widows
1959,wild,,wild
1960,wild card,,wild card
1961,winchester,,winchester
1962,wind river,,wind river
1963,wind walkers,,wind walkers
1964,windsor drive,,windsor drive
1965,winnie mandela,,winnie mandela
1966,winter's tale,,winter's tale
1967,wish,wish,
1968,wish i was here,,wish i was here
1969,wish upon,,wish upon
1970,wolfwalkers,wolfwalkers,
1971,wolves,,wolves
1972,woman in gold,,woman in gold
1973,woman walks ahead,,woman walks ahead
1974,wonder,,wonder
1975,wonder park,,wonder park
1976,wonder woman,,wonder woman
1977,wonder woman 1984,wonder woman 1984,
1978,wonka,,wonka
1979,woodlawn,,woodlawn
1980,words on bathroom walls,,words on bathroom walls
1981,world war z,,world war z
1982,wrath of man,wrath of man,
1983,x,,x
1984,x-men: apocalypse,x-men: apocalypse,
1985,x-men: days of future past,,x-men: days of future past
1986,xi you ji zhi sun wu kong san da bai gu jing,xi you ji zhi sun wu kong san da bai gu jing,
1987,xxx: return of xander cage,,xxx: return of xander cage
1988,yeh jawaani hai deewani,,yeh jawaani hai deewani
1989,yi dai zong shi,yi dai zong shi,
1990,yi ge ren de wu lin,yi ge ren de wu lin,
1991,yip man 3,yip man 3,
1992,yoga hosers,,yoga hosers
1993,you're next,,you're next
1994,youth,,youth
1995,z storm,,z storm
1996,zhuo yao ji,zhuo yao ji,
1997,zimna wojna,zimna wojna,
1998,zipper,,zipper
1999,zola,zola,
2000,zombie hunter,,zombie hunter
2001,zombieland: double tap,,zombieland: double tap
2002,zoolander 2,,zoolander 2
2003,zootopia,,zootopia
2004,zulu,,zulu
2005,épouse-moi mon pote,,épouse-moi mon pote
